,AdaBoostClassifier,BaggingClassifier,ExtraTreesClassifier,GradientBoostingClassifier,HistGradientBoostingClassifier,IsolationForest,RandomForestClassifier
accuracy_score,0.7081171959895844,0.7675968261128083,0.7293994628175425,0.7921185902035962,0.8254977138990836,0.49945666659832283,0.7879154450208107
f1_score,0.5936286823475679,0.7422399090392269,0.7120855148342059,0.7667533184568313,0.8170267655594969,0.6661835286396018,0.7640618584918571
precision_score,0.9743253373313343,0.8320163140453735,0.7598230912476722,0.8721021508189858,0.8576844955991876,0.49945666659832283,0.8597166615337234
recall_score,0.42684729064039406,0.6699507389162561,0.669991789819376,0.6841133004926109,0.7800492610837438,1.0,0.6875615763546798
matthews_corrcoef,0.5026416719642891,0.5455255471948058,0.4619625100438273,0.598177727909904,0.6536386735290315,0.0,0.5876191772227444
hinge_loss,0.7924261374120928,0.7329465072888688,0.7711438705841347,0.7084247431980809,0.6750456195025937,1.0010866668033542,0.7126278883808664
log_loss,10.520522617995034,8.376659446120659,9.753431969113407,7.492805480742598,6.289699915829989,18.041410415363355,7.64430218885506
