,AdaBoostClassifier,BaggingClassifier,ExtraTreesClassifier,GradientBoostingClassifier,HistGradientBoostingClassifier,IsolationForest,RandomForestClassifier
accuracy_score,0.6074154044814192,0.6491812995480477,0.624424475280221,0.6806168566559765,0.710327162649901,0.5005556790397866,0.6713026175128864
f1_score,0.3664531556922026,0.5973590544102819,0.5973035544055563,0.6285650980440429,0.681952353282975,0.667160420678418,0.6270162501050912
precision_score,0.9532569092686395,0.7019442144631285,0.644620811287478,0.7521135888296462,0.7570308065431652,0.5005556790397866,0.725708248769774
recall_score,0.22682483295271927,0.5198976571090248,0.5564577518396346,0.5398798951196819,0.6204220586991457,1.0,0.5519538188277087
matthews_corrcoef,0.3329251368604119,0.30915996114474414,0.25132854913870717,0.3767700994993742,0.42780587707969686,0.0,0.3530663312491168
hinge_loss,0.8920289164787942,0.8502630214121657,0.8750198456799924,0.8188274643042369,0.7891171583103124,0.9988886419204268,0.828141703447327
log_loss,14.150183086778481,12.644787641510684,13.537114034435513,11.511735317018701,10.440867345689076,18.001797991852907,11.847454524275587
